	title	price_spaces	price_mortgage	address_line	photos	area	floor	rooms_cnt	district	street	metro
0	Продажа 7-комнатной квартиры, 288.1м²	60 000 000	60000000	Москва, м. Бауманская, Посланников пер, 3С5	['https://gedcdn.gdeetotdom.ru/b/b8ddf65a09cc71275dbb75bbfaa1e582-cb558x408.jpeg', 'https://gedcdn.gdeetotdom.ru/b/3c986a575b6c1b76bd522cecc4c2b918-cb558x408.jpeg', 'https://gedcdn.gdeetotdom.ru/b/29a168cff210e1b4f6165203a93ddc43-cb558x408.jpeg', 'https://gedcdn.gdeetotdom.ru/b/f20b21fc1c0154af688817a95467a41d-cb558x408.jpeg', 'https://gedcdn.gdeetotdom.ru/b/49dd1882aeb2705e933cd4c02203c4f3-cb558x408.jpeg', 'https://gedcdn.gdeetotdom.ru/b/56122b439694db9d5eae83ee03d46e00-cb558x408.jpeg', 'https://gedcdn.gdeetotdom.ru/b/fb813c72c6443d5e4e745d23be3ddf08-cb558x408.jpeg', 'https://gedcdn.gdeetotdom.ru/b/ae82559fb65946ae71a09c6393d00be6-cb558x408.jpeg', 'https://gedcdn.gdeetotdom.ru/b/a6ccd31d123e04f92bdf1d1f3b264917-cb558x408.jpeg', 'https://gedcdn.gdeetotdom.ru/b/ff8acc1b2674e7b7c625380f8d23a3ee-cb558x408.jpeg', 'https://gedcdn.gdeetotdom.ru/b/7c12962653a53083b8daf27e20f88af1-cb558x408.jpeg', 'https://vc4.gdeetotdom.ru/picmen/558x408/1454430347/911921.frb', 'https://vc4.gdeetotdom.ru/picmen/558x408/1454430347/15329936.frb', 'https://vc4.gdeetotdom.ru/picmen/558x408/1454430347/15329937.frb']	288 м²	11 из 12	7	Басманный	пер. Посланников	['Бауманская']
1	Продажа 1-комнатной квартиры, 36.6м²	10 300 000	10300000	п. Сосенское, м. Коммунарка, Василия Ощепкова, 2	['https://vc4.gdeetotdom.ru/picmen/558x408/1666346063/770215447.frb', 'https://vc4.gdeetotdom.ru/picmen/558x408/1665663362/770194969.frb', 'https://vc4.gdeetotdom.ru/picmen/558x408/1665676663/770200111.frb', 'https://vc4.gdeetotdom.ru/picmen/558x408/1665676663/770200112.frb', 'https://vc4.gdeetotdom.ru/picmen/558x408/1665781555/770200113.frb', 'https://vc4.gdeetotdom.ru/picmen/558x408/1666346073/770215442.frb', 'https://vc4.gdeetotdom.ru/picmen/558x408/1666346061/770215446.frb', 'https://vc4.gdeetotdom.ru/picmen/558x408/1666346062/770215448.frb', 'https://vc4.gdeetotdom.ru/picmen/558x408/1666346070/770215445.frb', 'https://vc4.gdeetotdom.ru/picmen/558x408/1666346067/770215443.frb', 'https://vc4.gdeetotdom.ru/picmen/558x408/1666346071/770215449.frb']	37 м²	5 из 15	1			['Коммунарка']
2	Продажа 3-комнатной квартиры, 131м²	125 308 068	125308068	Москва, м. Университет, Мосфильмовская ул, 8	['https://vc4.gdeetotdom.ru/picmen/558x408/1648995399/753617132.frb', 'https://vc4.gdeetotdom.ru/picmen/558x408/1654711002/753617134.frb', 'https://vc4.gdeetotdom.ru/picmen/558x408/1658198293/753617136.frb', 'https://vc4.gdeetotdom.ru/picmen/558x408/1662611645/753665273.frb', 'https://vc4.gdeetotdom.ru/picmen/558x408/1551091313/646630117.frb', 'https://vc4.gdeetotdom.ru/picmen/558x408/1555411376/651001557.frb', 'https://vc4.gdeetotdom.ru/picmen/558x408/1552139815/647908680.frb', 'https://vc4.gdeetotdom.ru/picmen/558x408/1639058822/739241384.frb', 'https://vc4.gdeetotdom.ru/picmen/558x408/1542898435/636258138.frb', 'https://vc4.gdeetotdom.ru/picmen/558x408/1639048508/739236398.frb', 'https://vc4.gdeetotdom.ru/picmen/558x408/1639048512/739236402.frb']	131 м²	51 из 53	3	Раменки	ул. Мосфильмовская	['Университет']
3	Продажа 1-комнатной квартиры, 29м²	14 928 775	14928775	Москва, м. Калужская, Академика Челомея, 7Ас2	['https://vc4.gdeetotdom.ru/picmen/558x408/1662114902/766844572.frb', 'https://vc4.gdeetotdom.ru/picmen/558x408/1638613893/738499372.frb', 'https://vc4.gdeetotdom.ru/picmen/558x408/1662028687/766833435.frb', 'https://vc4.gdeetotdom.ru/picmen/558x408/1662110639/766833829.frb', 'https://vc4.gdeetotdom.ru/picmen/558x408/1662028624/766833831.frb', 'https://vc4.gdeetotdom.ru/picmen/558x408/1662028682/766833832.frb', 'https://vc4.gdeetotdom.ru/picmen/558x408/1662028736/766833830.frb', 'https://vc4.gdeetotdom.ru/picmen/558x408/1641566483/738552584.frb', 'https://vc4.gdeetotdom.ru/picmen/558x408/1638615961/738502474.frb', 'https://vc4.gdeetotdom.ru/picmen/558x408/1638616022/738502476.frb', 'https://vc4.gdeetotdom.ru/picmen/558x408/1638615962/738502484.frb']	29 м²	2 из 12	1	Обручевский	ул. Академика Челомея	['Калужская']
4	Продажа 2-комнатной квартиры, 74м²	49 500 000	49500000	Москва, м. Серпуховская, Мытная, 7с1	['https://vc4.gdeetotdom.ru/picmen/558x408/1633292898/729369728.frb', 'https://vc4.gdeetotdom.ru/picmen/558x408/1633292912/729379364.frb', 'https://vc4.gdeetotdom.ru/picmen/558x408/1633292948/729379362.frb', 'https://vc4.gdeetotdom.ru/picmen/558x408/1633292880/729369726.frb', 'https://vc4.gdeetotdom.ru/picmen/558x408/1633292896/729369724.frb', 'https://gedcdn.gdeetotdom.ru/b/0b3ad72eecfc988e42c7e0a8a4c7b283-cb558x408.jpeg']	74 м²	12 из 13	2	Замоскворечье	ул. Мытная	['Серпуховская']
5	Продажа 1-комнатной квартиры, 53м²	37 400 000	37400000	Москва, м. Серпуховская, Мытная, 7с1	['https://vc4.gdeetotdom.ru/picmen/558x408/1633292898/729369728.frb', 'https://vc4.gdeetotdom.ru/picmen/558x408/1633292912/729379364.frb', 'https://vc4.gdeetotdom.ru/picmen/558x408/1633292948/729379362.frb', 'https://vc4.gdeetotdom.ru/picmen/558x408/1633292880/729369726.frb', 'https://vc4.gdeetotdom.ru/picmen/558x408/1633292896/729369724.frb', 'https://gedcdn.gdeetotdom.ru/b/0b3ad72eecfc988e42c7e0a8a4c7b283-cb558x408.jpeg']	53 м²	13 из 13	1	Замоскворечье	ул. Мытная	['Серпуховская']
6	Продажа 1-комнатной квартиры, 24м²	14 454 684	14454684	Москва, м. Мичуринский проспект, ул. Лобачевского, 114	['https://vc4.gdeetotdom.ru/picmen/558x408/1661599140/766392675.frb', 'https://vc4.gdeetotdom.ru/picmen/558x408/1651315190/756462518.frb', 'https://vc4.gdeetotdom.ru/picmen/558x408/1651373202/756465089.frb', 'https://vc4.gdeetotdom.ru/picmen/558x408/1651376378/756462519.frb', 'https://vc4.gdeetotdom.ru/picmen/558x408/1661591058/766392663.frb', 'https://vc4.gdeetotdom.ru/picmen/558x408/1661596800/766393834.frb', 'https://vc4.gdeetotdom.ru/picmen/558x408/1661599144/766392674.frb', 'https://vc4.gdeetotdom.ru/picmen/558x408/1661599134/766392673.frb', 'https://vc4.gdeetotdom.ru/picmen/558x408/1661599144/766392664.frb', 'https://vc4.gdeetotdom.ru/picmen/558x408/1646393224/751572494.frb', 'https://vc4.gdeetotdom.ru/picmen/558x408/1647943437/751616652.frb', 'https://gedcdn.gdeetotdom.ru/b/690c6b6497b931bb53394687d2ee8bc3-cb558x408.jpeg', 'https://gedcdn.gdeetotdom.ru/b/b53ae60d93481f84ccebe184d00bd0e1-cb558x408.jpeg', 'https://gedcdn.gdeetotdom.ru/b/3efbc48f8fabd25c68576515ef2270cf-cb558x408.jpeg', 'https://gedcdn.gdeetotdom.ru/b/ba812fa73ba9ddaa7f1fc22f3e830e00-cb558x408.jpeg', 'https://gedcdn.gdeetotdom.ru/b/0cc9171350b7aca66aa79e0c527f89a8-cb558x408.jpeg', 'https://gedcdn.gdeetotdom.ru/b/a6e8fb8e6ce193f828366d04e89f4c7c-cb558x408.jpeg', 'https://gedcdn.gdeetotdom.ru/b/100895e40a4002d080d5ecff7529b32b-cb558x408.jpeg', 'https://gedcdn.gdeetotdom.ru/b/b063f03174da345613d1f7b23b855f65-cb558x408.jpeg', 'https://gedcdn.gdeetotdom.ru/b/c1a843c19f464d567b8149520dc34f8d-cb558x408.jpeg', 'https://gedcdn.gdeetotdom.ru/b/a8abe8006b1d713eb57c2566763fe53c-cb558x408.jpeg', 'https://gedcdn.gdeetotdom.ru/b/548ad91f84d1c04aa7a9bff166454929-cb558x408.jpeg', 'https://gedcdn.gdeetotdom.ru/b/00861c4e65a46ab00fdf52d79efcd9d2-cb558x408.jpeg', 'https://gedcdn.gdeetotdom.ru/b/5367f7ba2e4c53a17fc739e181b68414-cb558x408.jpeg', 'https://gedcdn.gdeetotdom.ru/b/20248fdbc587b7223b8d6c8a74276389-cb558x408.jpeg', 'https://gedcdn.gdeetotdom.ru/b/b4d6b6c5b5c9d7e71d65fc65fc69e11f-cb558x408.jpeg', 'https://gedcdn.gdeetotdom.ru/b/a89b29f42a64243fe605c5df319fd72a-cb558x408.jpeg', 'https://gedcdn.gdeetotdom.ru/b/bb179bdeeb30bb6aeecb522dd64491e6-cb558x408.jpeg', 'https://gedcdn.gdeetotdom.ru/b/8cc7663b285ee9c3dd78019775b782f8-cb558x408.jpeg', 'https://gedcdn.gdeetotdom.ru/b/eba4e410e3c99ea13a28b346ac56da9c-cb558x408.jpeg', 'https://gedcdn.gdeetotdom.ru/b/a1ae9db6f6681caae4aa41b28ea29301-cb558x408.jpeg', 'https://gedcdn.gdeetotdom.ru/b/5cdacbb50f312723e93e8c5163611c72-cb558x408.jpeg', 'https://gedcdn.gdeetotdom.ru/b/01b5fca258aabf9399f568d79da80858-cb558x408.jpeg', 'https://gedcdn.gdeetotdom.ru/b/8deec840a631f4b57ad7c1cb9b444740-cb558x408.jpeg', 'https://gedcdn.gdeetotdom.ru/b/08c9c4715c9cd6199f23db70976ff92a-cb558x408.jpeg', 'https://gedcdn.gdeetotdom.ru/b/947828918bf4e53a959a76d978c28b04-cb558x408.jpeg', 'https://gedcdn.gdeetotdom.ru/b/4f5c1506255c6091dcbae547e5af061f-cb558x408.jpeg', 'https://gedcdn.gdeetotdom.ru/b/483715a2221e3dd3b4d9e2a701dbae78-cb558x408.jpeg', 'https://gedcdn.gdeetotdom.ru/b/74ac76417775a56e44b33f405243b7f7-cb558x408.jpeg', 'https://gedcdn.gdeetotdom.ru/b/46ebf32a487c35af6fc6ad255a0ee621-cb558x408.jpeg', 'https://gedcdn.gdeetotdom.ru/b/7cc8d5b7ec990e51699d8a4b052b2ae4-cb558x408.jpeg', 'https://gedcdn.gdeetotdom.ru/b/8216a4c20b3ec91e5f9af40b55cde361-cb558x408.jpeg', 'https://gedcdn.gdeetotdom.ru/b/d4c65ac9d360a9ce3ab7a2228a33aa04-cb558x408.jpeg']	24 м²	2 из 51	1	Раменки	ул. Лобачевского	['Мичуринский проспект']
7	Продажа 3-комнатной квартиры, 62.2м²	9 500 000	9500000	Знамя Октября п., м. Силикатная, Остафьево, Знамя Октября п., 11	['https://vc4.gdeetotdom.ru/picmen/558x408/1663216802/767884094.frb', 'https://vc4.gdeetotdom.ru/picmen/558x408/1663216791/767884093.frb', 'https://vc4.gdeetotdom.ru/picmen/558x408/1663216790/767902033.frb', 'https://vc4.gdeetotdom.ru/picmen/558x408/1663216788/767902036.frb', 'https://vc4.gdeetotdom.ru/picmen/558x408/1663216791/767902035.frb', 'https://vc4.gdeetotdom.ru/picmen/558x408/1663216814/767902032.frb', 'https://vc4.gdeetotdom.ru/picmen/558x408/1663216801/767902034.frb', 'https://vc4.gdeetotdom.ru/picmen/558x408/1666408528/770932494.frb', 'https://vc4.gdeetotdom.ru/picmen/558x408/1668928027/773377053.frb']	62 м²	4 из 5	3	Рязановское		['Силикатная', 'Остафьево']
8	Продажа 3-комнатной квартиры, 120м²	52 996 180	52996180	Москва, м. Терехово, Нижние Мнёвники, уч. 37Б	['https://vc4.gdeetotdom.ru/picmen/558x408/1639646405/739916664.frb', 'https://vc4.gdeetotdom.ru/picmen/558x408/1639741256/739960142.frb', 'https://vc4.gdeetotdom.ru/picmen/558x408/1640025007/739927196.frb', 'https://vc4.gdeetotdom.ru/picmen/558x408/1639565944/739916666.frb', 'https://vc4.gdeetotdom.ru/picmen/558x408/1639565943/739916660.frb', 'https://vc4.gdeetotdom.ru/picmen/558x408/1639565931/739916656.frb', 'https://vc4.gdeetotdom.ru/picmen/558x408/1639565943/739916662.frb', 'https://vc4.gdeetotdom.ru/picmen/558x408/1639565944/739916668.frb', 'https://vc4.gdeetotdom.ru/picmen/558x408/1639646281/739916658.frb', 'https://vc4.gdeetotdom.ru/picmen/558x408/1639565944/739916670.frb', 'https://vc4.gdeetotdom.ru/picmen/558x408/1639565943/739914944.frb', 'https://gedcdn.gdeetotdom.ru/b/b1d4433e64e1be3a16347b48a44008c7-cb558x408.jpeg', 'https://gedcdn.gdeetotdom.ru/b/4ccf609089a08ed500b9a9eaff1059bc-cb558x408.jpeg', 'https://gedcdn.gdeetotdom.ru/b/2fda1d45d24e47ee7915e3b57689fe43-cb558x408.jpeg', 'https://gedcdn.gdeetotdom.ru/b/f9b1fc5930bdd22854e4f03e6863b861-cb558x408.jpeg', 'https://gedcdn.gdeetotdom.ru/b/9f617f5ec8f2f45a926cbc573f846c29-cb558x408.jpeg', 'https://gedcdn.gdeetotdom.ru/b/0cc78cfbdf09962cda80031fe1f14b60-cb558x408.jpeg', 'https://gedcdn.gdeetotdom.ru/b/d3e2485d55bfe44e1ab76a79bb5515d9-cb558x408.jpeg', 'https://gedcdn.gdeetotdom.ru/b/b8b1416dc3ee9a898ac0d3292db420b3-cb558x408.jpeg', 'https://gedcdn.gdeetotdom.ru/b/c94c2ba132ab83de59d92410b148c5bf-cb558x408.jpeg', 'https://gedcdn.gdeetotdom.ru/b/0b87e98f7dbe55ccdefd576b858e3cc0-cb558x408.jpeg', 'https://gedcdn.gdeetotdom.ru/b/3988850699b96e62c1bf49ec8814425b-cb558x408.jpeg', 'https://gedcdn.gdeetotdom.ru/b/17cc163491d444c8899fdedd406c38ca-cb558x408.jpeg', 'https://gedcdn.gdeetotdom.ru/b/b284358646839f241bf275c5e18afdc1-cb558x408.jpeg', 'https://gedcdn.gdeetotdom.ru/b/1b1b26f482e94a7d3d8c8ec45d8c38ca-cb558x408.jpeg', 'https://gedcdn.gdeetotdom.ru/b/a046ea43a68f64f0a996c862af6ce876-cb558x408.jpeg', 'https://gedcdn.gdeetotdom.ru/b/f41eaec8560f402a670cee6f9e13ee13-cb558x408.jpeg', 'https://gedcdn.gdeetotdom.ru/b/b987740c6fc278157725cfd22bb06bf7-cb558x408.jpeg', 'https://gedcdn.gdeetotdom.ru/b/aa2a62aea724fa10199049cc99a84563-cb558x408.jpeg', 'https://gedcdn.gdeetotdom.ru/b/3fd76a1eb6c8c14989a95b2253b0f109-cb558x408.jpeg', 'https://gedcdn.gdeetotdom.ru/b/4534a6e1b3c0bae13447264edd6e3b0d-cb558x408.jpeg', 'https://gedcdn.gdeetotdom.ru/b/8af14d0a691ba961087a0d5645a36f42-cb558x408.jpeg', 'https://gedcdn.gdeetotdom.ru/b/9c4282fa8513919ea70b9235d7f39704-cb558x408.jpeg', 'https://gedcdn.gdeetotdom.ru/b/29cc81026b1d31b847136b55f6c85a4f-cb558x408.jpeg', 'https://gedcdn.gdeetotdom.ru/b/adb047c2de90b24fe9ba8ff77daa747e-cb558x408.jpeg', 'https://gedcdn.gdeetotdom.ru/b/72bc97a763884890034cbdfdfaaf4baa-cb558x408.jpeg', 'https://gedcdn.gdeetotdom.ru/b/dab070b82894a229077b5e973259869d-cb558x408.jpeg', 'https://gedcdn.gdeetotdom.ru/b/2bca063e80730df312b59cf231fbe63f-cb558x408.jpeg', 'https://gedcdn.gdeetotdom.ru/b/a44c47bbdb88436db3e573fc1e9bd357-cb558x408.jpeg', 'https://gedcdn.gdeetotdom.ru/b/f1b2cc4ab64013f7ac094938bbeaa401-cb558x408.jpeg']	120 м²	3 из 11	3	Хорошево-Мневники	ул. Нижние Мневники	['Терехово']
9	Продажа 2-комнатной квартиры, 55м²	13 100 000	13100000	Москва, м. Братиславская, Марьино, Люблинская ул., 76	['https://vc4.gdeetotdom.ru/picmen/558x408/1665009128/769516478.frb', 'https://vc4.gdeetotdom.ru/picmen/558x408/1665009171/769516480.frb', 'https://vc4.gdeetotdom.ru/picmen/558x408/1665009130/769516482.frb', 'https://vc4.gdeetotdom.ru/picmen/558x408/1665009129/769516484.frb', 'https://vc4.gdeetotdom.ru/picmen/558x408/1665009163/769517563.frb', 'https://vc4.gdeetotdom.ru/picmen/558x408/1665009170/769517562.frb', 'https://vc4.gdeetotdom.ru/picmen/558x408/1665009189/769517564.frb', 'https://vc4.gdeetotdom.ru/picmen/558x408/1665009167/769517560.frb', 'https://vc4.gdeetotdom.ru/picmen/558x408/1665009187/769517570.frb', 'https://vc4.gdeetotdom.ru/picmen/558x408/1665009188/769517559.frb', 'https://vc4.gdeetotdom.ru/picmen/558x408/1666692169/769755252.frb']	55 м²	13 из 24	2	Люблино	ул. Люблинская	['Братиславская', 'Марьино']
10	Продажа 2-комнатной квартиры, 63.1м²	23 000 000	23000000	Москва, м. Юго-Западная, Вернадского проспект, 105к4	['https://vc4.gdeetotdom.ru/picmen/558x408/1658770757/763107815.frb', 'https://vc4.gdeetotdom.ru/picmen/558x408/1658770757/763107816.frb', 'https://vc4.gdeetotdom.ru/picmen/558x408/1658771917/763107817.frb', 'https://vc4.gdeetotdom.ru/picmen/558x408/1660680801/763125125.frb', 'https://vc4.gdeetotdom.ru/picmen/558x408/1660680801/763125124.frb', 'https://vc4.gdeetotdom.ru/picmen/558x408/1660680801/763125130.frb', 'https://vc4.gdeetotdom.ru/picmen/558x408/1660680801/763125131.frb', 'https://vc4.gdeetotdom.ru/picmen/558x408/1660680801/763125126.frb', 'https://vc4.gdeetotdom.ru/picmen/558x408/1660680801/763125129.frb', 'https://vc4.gdeetotdom.ru/picmen/558x408/1660680801/763125128.frb', 'https://vc4.gdeetotdom.ru/picmen/558x408/1660680801/763125127.frb', 'https://vc4.gdeetotdom.ru/picmen/558x408/1454567641/15113821.frb', 'https://vc4.gdeetotdom.ru/picmen/558x408/1454786261/15113822.frb', 'https://vc4.gdeetotdom.ru/picmen/558x408/1454786261/15113823.frb', 'https://vc4.gdeetotdom.ru/picmen/558x408/1454786261/15113824.frb', 'https://vc4.gdeetotdom.ru/picmen/558x408/1454786261/15113825.frb', 'https://vc4.gdeetotdom.ru/picmen/558x408/1454786261/15113826.frb', 'https://vc4.gdeetotdom.ru/picmen/558x408/1454786261/15113827.frb', 'https://vc4.gdeetotdom.ru/picmen/558x408/1454786262/15113828.frb', 'https://vc4.gdeetotdom.ru/picmen/558x408/1454786262/763744.frb', 'https://vc4.gdeetotdom.ru/picmen/558x408/1454786262/15113815.frb', 'https://vc4.gdeetotdom.ru/picmen/558x408/1454786263/15113816.frb', 'https://vc4.gdeetotdom.ru/picmen/558x408/1454556636/15113817.frb', 'https://vc4.gdeetotdom.ru/picmen/558x408/1454786263/15113818.frb', 'https://vc4.gdeetotdom.ru/picmen/558x408/1454786263/15113819.frb', 'https://vc4.gdeetotdom.ru/picmen/558x408/1454786264/15113820.frb']	63 м²	10 из 33	2	Тропарево-Никулино	просп. Вернадского	['Юго-Западная']
11	Продажа 3-комнатной квартиры, 81м²	20 500 000	20500000	Москва, м. Народное Ополчение, Хорошёво, Мнёвники ул., 7	['https://vc4.gdeetotdom.ru/picmen/558x408/1664459422/769084059.frb', 'https://vc4.gdeetotdom.ru/picmen/558x408/1664459422/769091701.frb', 'https://vc4.gdeetotdom.ru/picmen/558x408/1664459422/769091702.frb', 'https://vc4.gdeetotdom.ru/picmen/558x408/1664488473/769091703.frb', 'https://vc4.gdeetotdom.ru/picmen/558x408/1664510978/769141360.frb', 'https://vc4.gdeetotdom.ru/picmen/558x408/1664511002/769141361.frb', 'https://vc4.gdeetotdom.ru/picmen/558x408/1664511002/769141359.frb', 'https://vc4.gdeetotdom.ru/picmen/558x408/1664510979/769141358.frb', 'https://vc4.gdeetotdom.ru/picmen/558x408/1664510978/769141357.frb', 'https://vc4.gdeetotdom.ru/picmen/558x408/1664511004/769141355.frb', 'https://vc4.gdeetotdom.ru/picmen/558x408/1664510979/769141354.frb']	81 м²	8 из 12	3	Хорошево-Мневники	ул. Мневники	['Народное Ополчение', 'Хорошёво']
12	Продажа 1-комнатной квартиры, 37.2м²	8 800 000	8800000	Москва, м. Некрасовка, Рождественская ул., 19	['https://vc4.gdeetotdom.ru/picmen/558x408/1668937735/773382370.frb', 'https://vc4.gdeetotdom.ru/picmen/558x408/1668937735/773382371.frb', 'https://vc4.gdeetotdom.ru/picmen/558x408/1669217973/773382372.frb', 'https://vc4.gdeetotdom.ru/picmen/558x408/1669369792/773399228.frb', 'https://vc4.gdeetotdom.ru/picmen/558x408/1669369734/773399229.frb', 'https://vc4.gdeetotdom.ru/picmen/558x408/1669369741/773399224.frb', 'https://vc4.gdeetotdom.ru/picmen/558x408/1669369737/773399225.frb', 'https://vc4.gdeetotdom.ru/picmen/558x408/1669369742/773399230.frb', 'https://vc4.gdeetotdom.ru/picmen/558x408/1669369744/773399227.frb', 'https://vc4.gdeetotdom.ru/picmen/558x408/1669369744/773399223.frb', 'https://vc4.gdeetotdom.ru/picmen/558x408/1669369736/773399226.frb']	37 м²	6 из 22	1		ул. Рождественская	['Некрасовка']
13	Продажа 2-комнатной квартиры, 38.5м²	11 100 000	11100000	Москва, м. Нахимовский Проспект, Нагорная, Профсоюзная, Нахимовский проспект, 14	['https://vc4.gdeetotdom.ru/picmen/558x408/1665675835/770189951.frb', 'https://vc4.gdeetotdom.ru/picmen/558x408/1665675835/770189953.frb', 'https://vc4.gdeetotdom.ru/picmen/558x408/1665675831/770189955.frb', 'https://vc4.gdeetotdom.ru/picmen/558x408/1665680151/770205709.frb', 'https://vc4.gdeetotdom.ru/picmen/558x408/1665680148/770205710.frb', 'https://vc4.gdeetotdom.ru/picmen/558x408/1665680154/770205707.frb', 'https://vc4.gdeetotdom.ru/picmen/558x408/1665680150/770205704.frb', 'https://vc4.gdeetotdom.ru/picmen/558x408/1665680148/770205708.frb', 'https://vc4.gdeetotdom.ru/picmen/558x408/1665680150/770205706.frb', 'https://vc4.gdeetotdom.ru/picmen/558x408/1665680152/770205711.frb', 'https://vc4.gdeetotdom.ru/picmen/558x408/1665680153/770205705.frb', 'https://vc4.gdeetotdom.ru/picmen/558x408/1459966350/15204442.frb', 'https://vc4.gdeetotdom.ru/picmen/558x408/1459006584/15204443.frb', 'https://vc4.gdeetotdom.ru/picmen/558x408/1460983001/15204444.frb', 'https://vc4.gdeetotdom.ru/picmen/558x408/1454737054/15204445.frb', 'https://vc4.gdeetotdom.ru/picmen/558x408/1454034902/15204446.frb', 'https://vc4.gdeetotdom.ru/picmen/558x408/1454585563/15204447.frb']	39 м²	8 из 9	2	Котловка	просп. Нахимовский	['Нахимовский Проспект', 'Нагорная', 'Профсоюзная']
14	Продажа 2-комнатной квартиры, 52.3м²	12 100 000	12100000	Москва, м. Первомайская, Измайловская, Новогиреево, Челябинская ул., 6	['https://vc4.gdeetotdom.ru/picmen/558x408/1668064761/772468116.frb', 'https://vc4.gdeetotdom.ru/picmen/558x408/1668064763/772468117.frb', 'https://vc4.gdeetotdom.ru/picmen/558x408/1666424826/770866920.frb', 'https://vc4.gdeetotdom.ru/picmen/558x408/1668064764/772513014.frb', 'https://vc4.gdeetotdom.ru/picmen/558x408/1668064930/772513017.frb', 'https://vc4.gdeetotdom.ru/picmen/558x408/1668064800/772513015.frb', 'https://vc4.gdeetotdom.ru/picmen/558x408/1668064761/772513025.frb', 'https://vc4.gdeetotdom.ru/picmen/558x408/1668064863/772513021.frb', 'https://vc4.gdeetotdom.ru/picmen/558x408/1668064762/772513023.frb', 'https://vc4.gdeetotdom.ru/picmen/558x408/1454608924/15124355.frb', 'https://vc4.gdeetotdom.ru/picmen/558x408/1454757730/15124356.frb', 'https://vc4.gdeetotdom.ru/picmen/558x408/1454757730/15124357.frb', 'https://vc4.gdeetotdom.ru/picmen/558x408/1454757730/826857.frb']	52 м²	11 из 12	2	Ивановское	ул. Челябинская	['Первомайская', 'Измайловская', 'Новогиреево']
15	Продажа 3-комнатной квартиры, 62.7м²	11 700 000	11700000	Москва, м. Ховрино, Краснополянская ул., 8	['https://vc4.gdeetotdom.ru/picmen/558x408/1662506545/767260092.frb', 'https://vc4.gdeetotdom.ru/picmen/558x408/1662506545/767260093.frb', 'https://vc4.gdeetotdom.ru/picmen/558x408/1662460511/767260094.frb', 'https://vc4.gdeetotdom.ru/picmen/558x408/1662517795/767323606.frb', 'https://vc4.gdeetotdom.ru/picmen/558x408/1662517732/767323608.frb', 'https://vc4.gdeetotdom.ru/picmen/558x408/1662517743/767323576.frb', 'https://vc4.gdeetotdom.ru/picmen/558x408/1662517741/767323604.frb', 'https://vc4.gdeetotdom.ru/picmen/558x408/1662517729/767323578.frb', 'https://vc4.gdeetotdom.ru/picmen/558x408/1662517807/767323609.frb', 'https://vc4.gdeetotdom.ru/picmen/558x408/1662517734/767323603.frb', 'https://vc4.gdeetotdom.ru/picmen/558x408/1662517740/767323607.frb']	63 м²	4 из 12	3	Дегунино Западное	ул. Краснополянская	['Ховрино']
16	Продажа 3-комнатной квартиры, 75.5м²	28 000 000	28000000	Москва, м. Фили, Новозаводская ул., 8	['https://vc4.gdeetotdom.ru/picmen/558x408/1662530587/767272351.frb', 'https://vc4.gdeetotdom.ru/picmen/558x408/1662530575/767272352.frb', 'https://vc4.gdeetotdom.ru/picmen/558x408/1662530585/767272353.frb', 'https://vc4.gdeetotdom.ru/picmen/558x408/1662530642/767343444.frb', 'https://vc4.gdeetotdom.ru/picmen/558x408/1662530658/767343447.frb', 'https://vc4.gdeetotdom.ru/picmen/558x408/1662530572/767343445.frb', 'https://vc4.gdeetotdom.ru/picmen/558x408/1662530635/767343441.frb', 'https://vc4.gdeetotdom.ru/picmen/558x408/1662530707/767343442.frb', 'https://vc4.gdeetotdom.ru/picmen/558x408/1662530570/767343438.frb', 'https://vc4.gdeetotdom.ru/picmen/558x408/1662530585/767343440.frb', 'https://vc4.gdeetotdom.ru/picmen/558x408/1662530570/767343443.frb']	76 м²	4 из 8	3	Филевский Парк	ул. Новозаводская	['Фили']
17	Продажа 1-комнатной квартиры, 40м²	13 500 000	13500000	Москва, м. Таганская, Николоямская ул., 39/43	['https://vc4.gdeetotdom.ru/picmen/558x408/1668537782/772897357.frb', 'https://vc4.gdeetotdom.ru/picmen/558x408/1668537826/772897359.frb', 'https://vc4.gdeetotdom.ru/picmen/558x408/1662477016/767259565.frb', 'https://vc4.gdeetotdom.ru/picmen/558x408/1668537779/772897360.frb', 'https://vc4.gdeetotdom.ru/picmen/558x408/1668537787/772897363.frb', 'https://vc4.gdeetotdom.ru/picmen/558x408/1668537776/772897362.frb', 'https://vc4.gdeetotdom.ru/picmen/558x408/1668537786/772897361.frb', 'https://vc4.gdeetotdom.ru/picmen/558x408/1662804367/767647267.frb', 'https://vc4.gdeetotdom.ru/picmen/558x408/1662804423/767647266.frb', 'https://vc4.gdeetotdom.ru/picmen/558x408/1662804417/767647271.frb', 'https://vc4.gdeetotdom.ru/picmen/558x408/1662804367/767647270.frb']	40 м²	5 из 8	1	Таганский	ул. Николоямская	['Таганская (КЛ)']
18	Продажа 2-комнатной квартиры, 46м²	10 500 000	10500000	Москва, м. Саларьево, Картмазовские Пруды ул., 2	['https://vc4.gdeetotdom.ru/picmen/558x408/1669828722/774106630.frb', 'https://vc4.gdeetotdom.ru/picmen/558x408/1669828752/774106631.frb', 'https://vc4.gdeetotdom.ru/picmen/558x408/1669937209/774106632.frb', 'https://vc4.gdeetotdom.ru/picmen/558x408/1670061460/774137642.frb', 'https://vc4.gdeetotdom.ru/picmen/558x408/1670061488/774137640.frb', 'https://vc4.gdeetotdom.ru/picmen/558x408/1670061459/774137644.frb', 'https://vc4.gdeetotdom.ru/picmen/558x408/1670061460/774137646.frb', 'https://vc4.gdeetotdom.ru/picmen/558x408/1670061457/774137645.frb', 'https://vc4.gdeetotdom.ru/picmen/558x408/1670061458/774137641.frb', 'https://vc4.gdeetotdom.ru/picmen/558x408/1670061399/774137647.frb', 'https://vc4.gdeetotdom.ru/picmen/558x408/1670061423/774137643.frb']	46 м²	4 из 22	2			['Саларьево']
19	Продажа 2-комнатной квартиры, 70м²	24 900 000	24900000	Москва, м. Новопеределкино, Чоботовская ул., 2	['https://vc4.gdeetotdom.ru/picmen/558x408/1662466892/767259926.frb', 'https://vc4.gdeetotdom.ru/picmen/558x408/1662466912/767259927.frb', 'https://vc4.gdeetotdom.ru/picmen/558x408/1662456558/767259928.frb', 'https://vc4.gdeetotdom.ru/picmen/558x408/1662534899/767351093.frb', 'https://vc4.gdeetotdom.ru/picmen/558x408/1662534723/767351087.frb', 'https://vc4.gdeetotdom.ru/picmen/558x408/1662534781/767351085.frb', 'https://vc4.gdeetotdom.ru/picmen/558x408/1662534773/767351083.frb', 'https://vc4.gdeetotdom.ru/picmen/558x408/1662534769/767351098.frb', 'https://vc4.gdeetotdom.ru/picmen/558x408/1662534777/767351086.frb', 'https://vc4.gdeetotdom.ru/picmen/558x408/1662534784/767351084.frb', 'https://vc4.gdeetotdom.ru/picmen/558x408/1662534769/767351097.frb']	70 м²	23 из 23	2	Ново-Переделкино	ул. Чоботовская	['Новопеределкино']
20	Продажа 3-комнатной квартиры, 94.58м²	32 900 000	32900000	Москва, м. Баррикадная, Краснопресненская, Маяковская, Садовая-Кудринская ул., 8-10-12	['https://vc4.gdeetotdom.ru/picmen/558x408/1662459565/767262196.frb', 'https://vc4.gdeetotdom.ru/picmen/558x408/1662459525/767262197.frb', 'https://vc4.gdeetotdom.ru/picmen/558x408/1662459495/767262198.frb', 'https://vc4.gdeetotdom.ru/picmen/558x408/1662459877/767262666.frb', 'https://vc4.gdeetotdom.ru/picmen/558x408/1662459522/767262664.frb', 'https://vc4.gdeetotdom.ru/picmen/558x408/1662459560/767262663.frb', 'https://vc4.gdeetotdom.ru/picmen/558x408/1662459525/767262669.frb', 'https://vc4.gdeetotdom.ru/picmen/558x408/1662459874/767262662.frb', 'https://vc4.gdeetotdom.ru/picmen/558x408/1662459877/767262668.frb', 'https://vc4.gdeetotdom.ru/picmen/558x408/1662459565/767262665.frb', 'https://vc4.gdeetotdom.ru/picmen/558x408/1662459581/767262667.frb']	95 м²	2 из 7	3	Пресненский	ул. Садовая-Кудринская	['Баррикадная', 'Краснопресненская', 'Маяковская']
21	Продажа 2-комнатной квартиры, 39м²	12 999 999	12999999	Москва, м. Коломенская, Новинки ул., 9	['https://vc4.gdeetotdom.ru/picmen/558x408/1664555950/769157568.frb', 'https://vc4.gdeetotdom.ru/picmen/558x408/1664555950/769157569.frb', 'https://vc4.gdeetotdom.ru/picmen/558x408/1664625522/769157570.frb', 'https://vc4.gdeetotdom.ru/picmen/558x408/1664625519/769259240.frb', 'https://vc4.gdeetotdom.ru/picmen/558x408/1664625524/769259235.frb', 'https://vc4.gdeetotdom.ru/picmen/558x408/1664625527/769259242.frb', 'https://vc4.gdeetotdom.ru/picmen/558x408/1664625525/769259243.frb', 'https://vc4.gdeetotdom.ru/picmen/558x408/1664625519/769259238.frb', 'https://vc4.gdeetotdom.ru/picmen/558x408/1664625525/769259241.frb', 'https://vc4.gdeetotdom.ru/picmen/558x408/1664625521/769259239.frb', 'https://vc4.gdeetotdom.ru/picmen/558x408/1664625521/769259236.frb', 'https://vc4.gdeetotdom.ru/picmen/558x408/1455954105/886217.frb', 'https://vc4.gdeetotdom.ru/picmen/558x408/1458474458/15200280.frb', 'https://vc4.gdeetotdom.ru/picmen/558x408/1456194870/15200281.frb', 'https://vc4.gdeetotdom.ru/picmen/558x408/1457688958/886220.frb']	39 м²	5 из 12	2	Нагатинский Затон	ул. Новинки	['Коломенская']
22	Продажа 3-комнатной квартиры, 72.8м²	23 900 000	23900000	Москва, м. Профсоюзная, Новые Черемушки, Цюрупы ул., 8	['https://vc4.gdeetotdom.ru/picmen/558x408/1668862974/773302155.frb', 'https://vc4.gdeetotdom.ru/picmen/558x408/1668862974/773302156.frb', 'https://vc4.gdeetotdom.ru/picmen/558x408/1668862943/773302157.frb', 'https://vc4.gdeetotdom.ru/picmen/558x408/1668868342/773314300.frb', 'https://vc4.gdeetotdom.ru/picmen/558x408/1668868352/773314302.frb', 'https://vc4.gdeetotdom.ru/picmen/558x408/1668868335/773314297.frb', 'https://vc4.gdeetotdom.ru/picmen/558x408/1668868334/773314299.frb', 'https://vc4.gdeetotdom.ru/picmen/558x408/1668868356/773314301.frb', 'https://vc4.gdeetotdom.ru/picmen/558x408/1668868354/773314298.frb', 'https://vc4.gdeetotdom.ru/picmen/558x408/1668868350/773314304.frb', 'https://vc4.gdeetotdom.ru/picmen/558x408/1668868347/773314303.frb']	73 м²	6 из 17	3	Черемушки	ул. Цюрупы	['Профсоюзная', 'Новые Черемушки']
23	Продажа 3-комнатной квартиры, 55.9м²	11 300 000	11300000	Москва, м. Выхино, Снайперская ул., 12	['https://vc4.gdeetotdom.ru/picmen/558x408/1668518443/772880411.frb', 'https://vc4.gdeetotdom.ru/picmen/558x408/1668518446/772880412.frb', 'https://vc4.gdeetotdom.ru/picmen/558x408/1668523196/772880413.frb', 'https://vc4.gdeetotdom.ru/picmen/558x408/1668523166/772887900.frb', 'https://vc4.gdeetotdom.ru/picmen/558x408/1668523198/772887898.frb', 'https://vc4.gdeetotdom.ru/picmen/558x408/1668523168/772887899.frb', 'https://vc4.gdeetotdom.ru/picmen/558x408/1668523168/772887896.frb', 'https://vc4.gdeetotdom.ru/picmen/558x408/1668523171/772887902.frb', 'https://vc4.gdeetotdom.ru/picmen/558x408/1668523181/772887903.frb', 'https://vc4.gdeetotdom.ru/picmen/558x408/1668523189/772887901.frb', 'https://vc4.gdeetotdom.ru/picmen/558x408/1668523171/772887897.frb', 'https://vc4.gdeetotdom.ru/picmen/558x408/1454328936/755491.frb', 'https://vc4.gdeetotdom.ru/picmen/558x408/1454426216/755492.frb', 'https://vc4.gdeetotdom.ru/picmen/558x408/1455523684/755493.frb', 'https://vc4.gdeetotdom.ru/picmen/558x408/1454514492/755494.frb']	56 м²	5 из 9	3	Вешняки	ул. Снайперская	['Выхино']
24	Продажа 4-комнатной квартиры, 147.4м²	70 000 000	70000000	Москва, м. ЦСКА, Полежаевская, Гризодубовой ул., 4	['https://vc4.gdeetotdom.ru/picmen/558x408/1669471014/773819413.frb', 'https://vc4.gdeetotdom.ru/picmen/558x408/1669463532/773819414.frb', 'https://vc4.gdeetotdom.ru/picmen/558x408/1669471032/773819415.frb', 'https://vc4.gdeetotdom.ru/picmen/558x408/1669471029/773827118.frb', 'https://vc4.gdeetotdom.ru/picmen/558x408/1669471020/773827122.frb', 'https://vc4.gdeetotdom.ru/picmen/558x408/1669471011/773827121.frb', 'https://vc4.gdeetotdom.ru/picmen/558x408/1669487487/773827124.frb', 'https://vc4.gdeetotdom.ru/picmen/558x408/1669471016/773827119.frb', 'https://vc4.gdeetotdom.ru/picmen/558x408/1669471027/773827123.frb', 'https://vc4.gdeetotdom.ru/picmen/558x408/1669471023/773827125.frb', 'https://vc4.gdeetotdom.ru/picmen/558x408/1669471017/773827117.frb']	147 м²	2 из 18	4	Хорошевский	ул. Гризодубовой	['ЦСКА', 'Полежаевская']
25	Продажа 1-комнатной квартиры, 38м²	10 400 000	10400000	Москва, м. Борисово, Борисовские Пруды ул., 12	['https://vc4.gdeetotdom.ru/picmen/558x408/1667825444/772271516.frb', 'https://vc4.gdeetotdom.ru/picmen/558x408/1667825450/772271517.frb', 'https://vc4.gdeetotdom.ru/picmen/558x408/1668497627/772848835.frb', 'https://vc4.gdeetotdom.ru/picmen/558x408/1668082415/772271518.frb', 'https://vc4.gdeetotdom.ru/picmen/558x408/1668592683/772906625.frb', 'https://vc4.gdeetotdom.ru/picmen/558x408/1668592679/772326295.frb', 'https://vc4.gdeetotdom.ru/picmen/558x408/1668592799/772906623.frb', 'https://vc4.gdeetotdom.ru/picmen/558x408/1668592686/772906624.frb', 'https://vc4.gdeetotdom.ru/picmen/558x408/1668592744/772326301.frb', 'https://vc4.gdeetotdom.ru/picmen/558x408/1668592681/772326298.frb', 'https://vc4.gdeetotdom.ru/picmen/558x408/1668975960/773399395.frb']	38 м²	15 из 17	1	Братеево	ул. Борисовские Пруды	['Борисово']
26	Продажа 2-комнатной квартиры, 43.5м²	10 990 000	10990000	Москва, м. Речной вокзал, Флотская ул., 20	['https://vc4.gdeetotdom.ru/picmen/558x408/1669974407/774269329.frb', 'https://vc4.gdeetotdom.ru/picmen/558x408/1669974459/774269330.frb', 'https://vc4.gdeetotdom.ru/picmen/558x408/1669975302/774269331.frb', 'https://vc4.gdeetotdom.ru/picmen/558x408/1669975354/774269428.frb', 'https://vc4.gdeetotdom.ru/picmen/558x408/1669975323/774269430.frb', 'https://vc4.gdeetotdom.ru/picmen/558x408/1669975303/774269429.frb', 'https://vc4.gdeetotdom.ru/picmen/558x408/1669975302/774269433.frb', 'https://vc4.gdeetotdom.ru/picmen/558x408/1669975324/774269432.frb', 'https://vc4.gdeetotdom.ru/picmen/558x408/1669975323/774269434.frb', 'https://vc4.gdeetotdom.ru/picmen/558x408/1669975324/774269431.frb', 'https://vc4.gdeetotdom.ru/picmen/558x408/1453993352/15194497.frb', 'https://vc4.gdeetotdom.ru/picmen/558x408/1453993352/15194498.frb', 'https://vc4.gdeetotdom.ru/picmen/558x408/1453993352/15194499.frb', 'https://vc4.gdeetotdom.ru/picmen/558x408/1453993352/15194500.frb', 'https://vc4.gdeetotdom.ru/picmen/558x408/1453993352/15194501.frb', 'https://vc4.gdeetotdom.ru/picmen/558x408/1453993352/15194502.frb']	44 м²	9 из 9	2	Головинский	ул. Флотская	['Речной вокзал']
27	Продажа 2-комнатной квартиры, 51м²	17 900 000	17900000	Москва, м. Новые Черемушки, Университет, Новаторская, Ленинский проспект, 91	['https://vc4.gdeetotdom.ru/picmen/558x408/1668163060/772614199.frb', 'https://vc4.gdeetotdom.ru/picmen/558x408/1668163290/772614200.frb', 'https://vc4.gdeetotdom.ru/picmen/558x408/1668171043/772614201.frb', 'https://vc4.gdeetotdom.ru/picmen/558x408/1668176986/772624627.frb', 'https://vc4.gdeetotdom.ru/picmen/558x408/1668176986/772624625.frb', 'https://vc4.gdeetotdom.ru/picmen/558x408/1668176987/772624626.frb', 'https://vc4.gdeetotdom.ru/picmen/558x408/1668176986/772624623.frb', 'https://vc4.gdeetotdom.ru/picmen/558x408/1668176987/772624629.frb', 'https://vc4.gdeetotdom.ru/picmen/558x408/1668176985/772624628.frb', 'https://vc4.gdeetotdom.ru/picmen/558x408/1668176985/772624624.frb', 'https://vc4.gdeetotdom.ru/picmen/558x408/1668176988/772624622.frb']	51 м²	6 из 8	2	Ломоносовский	просп. Ленинский	['Новые Черемушки', 'Университет', 'Новаторская']
28	Продажа 3-комнатной квартиры, 72.6м²	16 500 000	16500000	Москва, м. Первомайская, Парковая 15-я ул., 23	['https://vc4.gdeetotdom.ru/picmen/558x408/1666958733/771436833.frb', 'https://vc4.gdeetotdom.ru/picmen/558x408/1666958732/771436831.frb', 'https://vc4.gdeetotdom.ru/picmen/558x408/1666958728/771436834.frb', 'https://vc4.gdeetotdom.ru/picmen/558x408/1668593038/771445576.frb', 'https://vc4.gdeetotdom.ru/picmen/558x408/1668593165/771445577.frb', 'https://vc4.gdeetotdom.ru/picmen/558x408/1667972692/771445573.frb', 'https://vc4.gdeetotdom.ru/picmen/558x408/1668593046/771445572.frb', 'https://vc4.gdeetotdom.ru/picmen/558x408/1668593036/771445575.frb', 'https://vc4.gdeetotdom.ru/picmen/558x408/1668593037/771445571.frb', 'https://vc4.gdeetotdom.ru/picmen/558x408/1668593037/771445574.frb', 'https://vc4.gdeetotdom.ru/picmen/558x408/1668593038/771445578.frb']	73 м²	3 из 5	3	Измайлово Восточное	ул. Парковая 15-я	['Первомайская']
29	Продажа 2-комнатной квартиры, 45.5м²	10 990 000	10990000	Москва, м. Шоссе Энтузиастов, Перовская ул., 4	['https://vc4.gdeetotdom.ru/picmen/558x408/1668258225/772683800.frb', 'https://vc4.gdeetotdom.ru/picmen/558x408/1668325064/772683802.frb', 'https://vc4.gdeetotdom.ru/picmen/558x408/1669029603/772688607.frb', 'https://vc4.gdeetotdom.ru/picmen/558x408/1670579790/774658760.frb', 'https://vc4.gdeetotdom.ru/picmen/558x408/1669029514/772688617.frb', 'https://vc4.gdeetotdom.ru/picmen/558x408/1669029571/772688609.frb', 'https://vc4.gdeetotdom.ru/picmen/558x408/1669029512/772688613.frb', 'https://vc4.gdeetotdom.ru/picmen/558x408/1669029511/772688615.frb', 'https://vc4.gdeetotdom.ru/picmen/558x408/1669029515/772688619.frb', 'https://vc4.gdeetotdom.ru/picmen/558x408/1669029544/772688611.frb', 'https://vc4.gdeetotdom.ru/picmen/558x408/1669029542/772688605.frb']	46 м²	2 из 12	2	Перово	ул. Перовская	['Шоссе Энтузиастов']
